<?xml version="1.0" encoding="UTF-8" ?>
<rss version="2.0" xmlns:atom="http://www.w3.org/2005/Atom" >

<channel>
  <title>Alphahex's Blog</title>
  <link>https://example.com/blog/</link>
  <description>The first website template TheDragonRing has ever made from scratch. It also has a couple of scripts included - a download counter and contact form.</description>
  <language>en-au</language>
  <copyright>Copyright 2017 TheDragonRing</copyright>
  <category>Personal, Development, Miscellanous</category>
  <atom:link href="https://example.com/assets/xml/rss-feed.xml" rel="self" type="application/rss+xml" />
  <item>
    <title>Random Post</title>
    <link>https://example.com/blog/posts/random-post/</link>
    <guid isPermaLink="false">january-2017/random-post</guid>
    <pubDate>Sun, 1 Jan 2017 07:30:00 +1100</pubDate>
    <description>Lorem ipsum dolor sit amet, consectetur adipiscing elit. Pellentesque a cursus libero.</description>
    <author>alphahex@example.com (Alphahex)</author>
    <comments>https://example.com/blog/posts/random-post/#comments</comments>
  </item>
</channel>

</rss>
