{
  "minecraft:entity": {
    "format_version": 0.1,

    "components": {
      "minecraft:identifier": {
        "id": "minecraft:fireball.small"
      },
      "minecraft:collision_box": {
        "width": 0.001,
        "height": 0.001
      },
      "minecraft:projectile": {
        "onHit": {
          "impact_damage": {
            "damage": 5,
            "knockback": true,
            "destroyonhit": true
          },
          "remove_on_hit": {}
        },
        "power": 1.5,
        "gravity": 0,
        "angleoffset": 0
      },
      "minecraft:explode": {
        "fuseLength": 1.5,
        "fuseLit": true,
        "power": 5,
        "causesFire": false
      }
    }
  }
}
